<?xml version="1.0"?>
<doc>
    <assembly>
        <name>CompanyName.ProjectName.Domain</name>
    </assembly>
    <members>
        <member name="M:CompanyName.ProjectName.IdentityServer.IdenityServerApiResourceManager.GetResources(System.Boolean,System.Threading.CancellationToken)">
            <summary>
            获取所有api resource
            </summary>
            <returns></returns>
        </member>
        <member name="M:CompanyName.ProjectName.IdentityServer.IdenityServerClientManager.UpdateScopesAsync(System.String,System.Collections.Generic.List{System.String})">
            <summary>
            更新client scopes
            </summary>
            <returns></returns>
        </member>
        <member name="M:CompanyName.ProjectName.IdentityServer.IdenityServerClientManager.AddRedirectUriAsync(System.String,System.String)">
            <summary>
            新增回调地址
            </summary>
        </member>
        <member name="M:CompanyName.ProjectName.IdentityServer.IdenityServerClientManager.RemoveRedirectUriAsync(System.String,System.String)">
            <summary>
            删除回调地址
            </summary>
        </member>
        <member name="M:CompanyName.ProjectName.IdentityServer.IdenityServerClientManager.AddLogoutRedirectUriAsync(System.String,System.String)">
            <summary>
            新增Logout回调地址
            </summary>
        </member>
        <member name="M:CompanyName.ProjectName.IdentityServer.IdenityServerClientManager.RemoveLogoutRedirectUriAsync(System.String,System.String)">
            <summary>
            删除Logout回调地址
            </summary>
        </member>
        <member name="M:CompanyName.ProjectName.IdentityServer.IdenityServerClientManager.AddCorsAsync(System.String,System.String)">
            <summary>
            添加cors
            </summary>
        </member>
        <member name="M:CompanyName.ProjectName.IdentityServer.IdenityServerClientManager.RemoveCorsAsync(System.String,System.String)">
            <summary>
            删除cors
            </summary>
        </member>
    </members>
</doc>
