<?xml version="1.0"?>
<doc>
    <assembly>
        <name>CompanyName.ProjectName.DataDictionaryManagement.Application</name>
    </assembly>
    <members>
        <member name="F:CompanyName.ProjectName.DataDictionaryManagement.DataDictionaries.DataDictionaryAppService._dataDictionaryRepository">
            <summary>
             注意 为了快速直接注入仓库层 规范上是不允许的
             这里注入仓储也只是为了查询分页
             如果是其他的操作全部通过对应manger进行操作
            </summary>
        </member>
        <member name="M:CompanyName.ProjectName.DataDictionaryManagement.DataDictionaries.DataDictionaryAppService.GetPagingListAsync(CompanyName.ProjectName.DataDictionaryManagement.DataDictionaries.Dtos.PagingDataDictionaryInput,System.Threading.CancellationToken)">
            <summary>
            分页查询字典项
            </summary>
            <param name="input"></param>
            <param name="cancellationToken"></param>
            <returns></returns>
        </member>
        <member name="M:CompanyName.ProjectName.DataDictionaryManagement.DataDictionaries.DataDictionaryAppService.GetPagingDetailListAsync(CompanyName.ProjectName.DataDictionaryManagement.DataDictionaries.Dtos.PagingDataDictionaryDetailInput,System.Threading.CancellationToken)">
            <summary>
            分页查询字典项明细
            </summary>
            <param name="input"></param>
            <param name="cancellationToken"></param>
            <returns></returns>
        </member>
        <member name="M:CompanyName.ProjectName.DataDictionaryManagement.DataDictionaries.DataDictionaryAppService.CreateAsync(CompanyName.ProjectName.DataDictionaryManagement.DataDictionaries.Dtos.CreateDataDictinaryInput)">
            <summary>
            创建字典类型
            </summary>
            <returns></returns>
        </member>
        <member name="M:CompanyName.ProjectName.DataDictionaryManagement.DataDictionaries.DataDictionaryAppService.CreateDetailAsync(CompanyName.ProjectName.DataDictionaryManagement.DataDictionaries.Dtos.CreateDataDictinaryDetailInput)">
            <summary>
            新增字典明细
            </summary>
        </member>
        <member name="M:CompanyName.ProjectName.DataDictionaryManagement.DataDictionaries.DataDictionaryAppService.SetStatus(CompanyName.ProjectName.DataDictionaryManagement.DataDictionaries.Dtos.SetDataDictinaryDetailInput)">
            <summary>
            设置字典明细状态
            </summary>
        </member>
    </members>
</doc>
