<?xml version="1.0"?>
<doc>
    <assembly>
        <name>CompanyName.ProjectName.NotificationManagement.Application.Contracts</name>
    </assembly>
    <members>
        <member name="M:CompanyName.ProjectName.NotificationManagement.Hubs.INotificationHub.ReceiveTextMessageAsync(CompanyName.ProjectName.NotificationManagement.Notifications.Dtos.SendNotificationDto)">
            <summary>
            发送普通消息
            </summary>
            <param name="input"></param>
            <returns></returns>
        </member>
        <member name="M:CompanyName.ProjectName.NotificationManagement.Hubs.INotificationHub.ReceiveBroadCastMessageAsync(CompanyName.ProjectName.NotificationManagement.Notifications.Dtos.SendNotificationDto)">
            <summary>
            发送广播消息
            </summary>
            <param name="input"></param>
            <returns></returns>
        </member>
        <member name="P:CompanyName.ProjectName.NotificationManagement.Notifications.Dtos.CreateNotificationInput.Title">
            <summary>
            消息标题
            </summary>
        </member>
        <member name="P:CompanyName.ProjectName.NotificationManagement.Notifications.Dtos.CreateNotificationInput.Content">
            <summary>
            消息内容
            </summary>
        </member>
        <member name="P:CompanyName.ProjectName.NotificationManagement.Notifications.Dtos.CreateNotificationInput.MessageType">
            <summary>
            消息类型
            </summary>
        </member>
        <member name="P:CompanyName.ProjectName.NotificationManagement.Notifications.Dtos.CreateNotificationInput.ReceiveIds">
            <summary>
            接收人
            如果消息类型是广播消息，接收人字段为空
            </summary>
        </member>
        <member name="M:CompanyName.ProjectName.NotificationManagement.Notifications.ICommandNotificationAppService.SetReadAsync(CompanyName.ProjectName.NotificationManagement.Notifications.Dtos.SetReadInput)">
            <summary>
            消息设置为已读
            </summary>
            <param name="input"></param>
            <returns></returns>
        </member>
        <member name="M:CompanyName.ProjectName.NotificationManagement.Notifications.ICommandNotificationAppService.CreateAsync(CompanyName.ProjectName.NotificationManagement.Notifications.Dtos.CreateNotificationInput)">
            <summary>
            创建一个消息
            测试使用
            </summary>
            <param name="input"></param>
            <returns></returns>
        </member>
        <member name="M:CompanyName.ProjectName.NotificationManagement.Notifications.INotificationAppService.SendMessageAsync(System.String,System.String,CompanyName.ProjectName.NotificationManagement.Notifications.MessageType,System.Collections.Generic.List{System.String})">
            <summary>
            发送消息到客户端
            </summary>
            <returns></returns>
        </member>
        <member name="M:CompanyName.ProjectName.NotificationManagement.Notifications.IQueryNotificationAppService.GetPageTextNotificationByUserIdAsync(CompanyName.ProjectName.NotificationManagement.Notifications.Dtos.PagingNotificationListInput,System.Threading.CancellationToken)">
            <summary>
            分页获取用户普通文本消息
            </summary>
            <param name="listInput"></param>
            <param name="cancellationToken"></param>
            <returns></returns>
        </member>
        <member name="M:CompanyName.ProjectName.NotificationManagement.Notifications.IQueryNotificationAppService.GetPageBroadCastNotificationByUserIdAsync(CompanyName.ProjectName.NotificationManagement.Notifications.Dtos.PagingNotificationListInput,System.Threading.CancellationToken)">
            <summary>
            分页获取广播消息
            </summary>
            <param name="listInput"></param>
            <param name="cancellationToken"></param>
            <returns></returns>
        </member>
    </members>
</doc>
