<?xml version="1.0"?>
<doc>
    <assembly>
        <name>CompanyName.ProjectName.NotificationManagement.Domain.Shared</name>
    </assembly>
    <members>
        <member name="T:CompanyName.ProjectName.NotificationManagement.Notifications.MessageType">
            <summary>
            消息类型 
            </summary>
        </member>
        <member name="F:CompanyName.ProjectName.NotificationManagement.Notifications.MessageType.BroadCast">
            <summary>
            广播消息
            </summary>
        </member>
        <member name="F:CompanyName.ProjectName.NotificationManagement.Notifications.MessageType.Text">
            <summary>
            普通文本消息
            </summary>
        </member>
        <member name="P:CompanyName.ProjectName.NotificationManagement.Notifications.Etos.NotificationEto.Title">
            <summary>
            消息标题
            </summary>
        </member>
        <member name="P:CompanyName.ProjectName.NotificationManagement.Notifications.Etos.NotificationEto.Content">
            <summary>
            消息内容
            </summary>
        </member>
        <member name="P:CompanyName.ProjectName.NotificationManagement.Notifications.Etos.NotificationEto.MessageType">
            <summary>
            消息类型
            </summary>
        </member>
        <member name="P:CompanyName.ProjectName.NotificationManagement.Notifications.Etos.NotificationEto.SenderId">
            <summary>
            发送人
            </summary>
        </member>
        <member name="P:CompanyName.ProjectName.NotificationManagement.Notifications.Etos.NotificationEto.NotificationSubscriptions">
            <summary>
            关联属性1:N 消息订阅者集合
            </summary>
        </member>
        <member name="P:CompanyName.ProjectName.NotificationManagement.Notifications.Etos.NotificationSubscriptionEto.ReceiveId">
            <summary>
            订阅人
            </summary>
        </member>
        <member name="P:CompanyName.ProjectName.NotificationManagement.Notifications.Etos.NotificationSubscriptionEto.Read">
            <summary>
            是否已读
            </summary>
        </member>
        <member name="P:CompanyName.ProjectName.NotificationManagement.Notifications.Etos.NotificationSubscriptionEto.ReadTime">
            <summary>
            已读时间
            </summary>
        </member>
        <member name="F:CompanyName.ProjectName.NotificationManagement.Notifications.NotificationMaxLengths.Title">
            <summary>
            消息标题
            </summary>
        </member>
        <member name="F:CompanyName.ProjectName.NotificationManagement.Notifications.NotificationMaxLengths.Content">
            <summary>
            消息内容
            </summary>
        </member>
    </members>
</doc>
