<?xml version="1.0"?>
<doc>
    <assembly>
        <name>CompanyName.ProjectName.Application</name>
    </assembly>
    <members>
        <member name="M:CompanyName.ProjectName.AuditLogs.AuditLogAppService.GetListAsync(CompanyName.ProjectName.AuditLogs.PagingAuditLogListInput)">
            <summary>
            分页查询审计日志
            </summary>
            <param name="input"></param>
            <returns></returns>
        </member>
        <member name="M:CompanyName.ProjectName.IdentityServers.ApiResources.ApiResourceAppService.GetApiResources">
            <summary>
            获取所有api resource
            </summary>
            <returns></returns>
        </member>
        <member name="M:CompanyName.ProjectName.IdentityServers.ApiResources.ApiResourceAppService.CreateAsync(CompanyName.ProjectName.IdentityServers.Dtos.CreateApiResourceInput)">
            <summary>
            新增 ApiResource
            </summary>
            <returns></returns>
        </member>
        <member name="M:CompanyName.ProjectName.IdentityServers.ApiResources.ApiResourceAppService.DeleteAsync(CompanyName.ProjectName.Publics.Dtos.IdInput)">
            <summary>
            删除 ApiResource
            </summary>
            <returns></returns>
        </member>
        <member name="M:CompanyName.ProjectName.IdentityServers.ApiResources.ApiResourceAppService.UpdateAsync(CompanyName.ProjectName.IdentityServers.Dtos.UpdateApiResourceInput)">
            <summary>
            更新 ApiResource
            </summary>
            <returns></returns>
        </member>
        <member name="M:CompanyName.ProjectName.IdentityServers.Clients.IdentityServerClientAppService.CreateAsync(CompanyName.ProjectName.IdentityServers.Clients.CreateClientInput)">
            <summary>
            创建Client
            </summary>
            <param name="input"></param>
            <returns></returns>
        </member>
        <member name="M:CompanyName.ProjectName.IdentityServers.Clients.IdentityServerClientAppService.DeleteAsync(CompanyName.ProjectName.Publics.Dtos.IdInput)">
            <summary>
            删除client
            </summary>
            <returns></returns>
        </member>
        <member name="M:CompanyName.ProjectName.IdentityServers.Clients.IdentityServerClientAppService.UpdateBasicDataAsync(CompanyName.ProjectName.IdentityServers.Clients.UpdataBasicDataInput)">
            <summary>
            更新基本信息
            </summary>
            <returns></returns>
        </member>
        <member name="M:CompanyName.ProjectName.IdentityServers.Clients.IdentityServerClientAppService.UpdateScopesAsync(CompanyName.ProjectName.IdentityServers.Clients.UpdateScopeInput)">
            <summary>
            更新client scopes
            </summary>
            <returns></returns>
        </member>
        <member name="M:CompanyName.ProjectName.IdentityServers.Clients.IdentityServerClientAppService.AddRedirectUriAsync(CompanyName.ProjectName.IdentityServers.Clients.AddRedirectUriInput)">
            <summary>
            新增回调地址
            </summary>
        </member>
        <member name="M:CompanyName.ProjectName.IdentityServers.Clients.IdentityServerClientAppService.RemoveRedirectUriAsync(CompanyName.ProjectName.IdentityServers.Clients.RemoveRedirectUriInput)">
            <summary>
            删除回调地址
            </summary>
        </member>
        <member name="M:CompanyName.ProjectName.IdentityServers.Clients.IdentityServerClientAppService.AddLogoutRedirectUriAsync(CompanyName.ProjectName.IdentityServers.Clients.AddRedirectUriInput)">
            <summary>
            新增Logout回调地址
            </summary>
        </member>
        <member name="M:CompanyName.ProjectName.IdentityServers.Clients.IdentityServerClientAppService.RemoveLogoutRedirectUriAsync(CompanyName.ProjectName.IdentityServers.Clients.RemoveRedirectUriInput)">
            <summary>
            删除Logout回调地址
            </summary>
        </member>
        <member name="M:CompanyName.ProjectName.IdentityServers.Clients.IdentityServerClientAppService.AddCorsAsync(CompanyName.ProjectName.IdentityServers.Clients.AddCorsInput)">
            <summary>
            添加cors
            </summary>
        </member>
        <member name="M:CompanyName.ProjectName.IdentityServers.Clients.IdentityServerClientAppService.RemoveCorsAsync(CompanyName.ProjectName.IdentityServers.Clients.RemoveCorsInput)">
            <summary>
            删除cors
            </summary>
        </member>
        <member name="M:CompanyName.ProjectName.IdentityServers.Clients.IdentityServerClientAppService.EnabledAsync(CompanyName.ProjectName.IdentityServers.Clients.EnabledInput)">
            <summary>
            禁用client
            </summary>
            <param name="input"></param>
            <returns></returns>
        </member>
        <member name="M:CompanyName.ProjectName.IdentityServers.Mappers.IdentityResources.IdentityResourceAppService.GetListAsync(CompanyName.ProjectName.IdentityServers.IdentityResources.Dtos.PagingIdentityResourceListInput)">
            <summary>
            分页获取IdentityResource
            </summary>
            <param name="input"></param>
            <returns></returns>
        </member>
        <member name="M:CompanyName.ProjectName.IdentityServers.Mappers.IdentityResources.IdentityResourceAppService.CreateAsync(CompanyName.ProjectName.IdentityServers.IdentityResources.Dtos.CreateIdentityResourceInput)">
            <summary>
            创建IdentityResource
            </summary>
            <param name="input"></param>
            <returns></returns>
        </member>
        <member name="M:CompanyName.ProjectName.IdentityServers.Mappers.IdentityResources.IdentityResourceAppService.UpdateAsync(CompanyName.ProjectName.IdentityServers.IdentityResources.Dtos.UpdateIdentityResourceInput)">
            <summary>
            更新IdentityResource
            </summary>
            <param name="input"></param>
            <returns></returns>
        </member>
        <member name="M:CompanyName.ProjectName.IdentityServers.Mappers.IdentityResources.IdentityResourceAppService.DeleteAsync(CompanyName.ProjectName.Publics.Dtos.IdInput)">
            <summary>
            删除IdentityResource
            </summary>
            <param name="input"></param>
            <returns></returns>
        </member>
        <member name="M:CompanyName.ProjectName.Roles.RoleAppService.AllListAsync">
            <summary>
            获取所有角色
            </summary>
            <returns></returns>
        </member>
        <member name="M:CompanyName.ProjectName.Roles.RoleAppService.ListAsync(CompanyName.ProjectName.Roles.Dtos.PagingRoleListInput)">
            <summary>
            分页查询角色
            </summary>
            <param name="input"></param>
            <returns></returns>
        </member>
        <member name="M:CompanyName.ProjectName.Roles.RoleAppService.CreateAsync(Volo.Abp.Identity.IdentityRoleCreateDto)">
            <summary>
            创建角色
            </summary>
            <param name="input"></param>
            <returns></returns>
        </member>
        <member name="M:CompanyName.ProjectName.Roles.RoleAppService.UpdateAsync(CompanyName.ProjectName.Roles.Dtos.UpdateRoleInput)">
            <summary>
            更新角色
            </summary>
            <param name="input"></param>
            <returns></returns>
        </member>
        <member name="M:CompanyName.ProjectName.Roles.RoleAppService.DeleteAsync(System.Guid)">
            <summary>
            删除角色
            </summary>
            <param name="id"></param>
        </member>
        <member name="M:CompanyName.ProjectName.Roles.RoleAppService.GetPermissionAsync(CompanyName.ProjectName.Roles.Dtos.GetPermissionInput)">
            <summary>
            获取所有权限
            </summary>
            <returns></returns>
        </member>
        <member name="M:CompanyName.ProjectName.Roles.RoleAppService.UpdatePermissionAsync(CompanyName.ProjectName.Roles.Dtos.UpdateRolePermissionsInput)">
            <summary>
            更新权限
            </summary>
            <param name="input"></param>
        </member>
        <member name="M:CompanyName.ProjectName.Roles.RoleAppService.BuildTreeData(System.Collections.Generic.List{Volo.Abp.PermissionManagement.PermissionGroupDto})">
            <summary>
            生成权限树
            </summary>
            <param name="input"></param>
            <returns></returns>
        </member>
        <member name="M:CompanyName.ProjectName.Users.LoginAppService.GenerateJwt(Volo.Abp.Identity.IdentityUser,System.Collections.Generic.List{System.String})">
            <summary>
            生成jwt token
            </summary>
            <param name="user"></param>
            <param name="roles"></param>
            <returns></returns>
        </member>
        <member name="M:CompanyName.ProjectName.Users.UserAppService.ListAsync(CompanyName.ProjectName.Users.Dtos.PagingUserListInput)">
            <summary>
            分页查询用户
            </summary>
            <param name="input"></param>
            <returns></returns>
        </member>
        <member name="M:CompanyName.ProjectName.Users.UserAppService.CreateAsync(Volo.Abp.Identity.IdentityUserCreateDto)">
            <summary>
            新增用户
            </summary>
            <param name="input"></param>
            <returns></returns>
        </member>
        <member name="M:CompanyName.ProjectName.Users.UserAppService.UpdateAsync(CompanyName.ProjectName.Users.Dtos.UpdateUserInput)">
            <summary>
            更新用户
            </summary>
            <param name="input"></param>
            <returns></returns>
        </member>
        <member name="M:CompanyName.ProjectName.Users.UserAppService.DeleteAsync(System.Guid)">
            <summary>
            删除用户
            </summary>
            <param name="id"></param>
        </member>
        <member name="M:CompanyName.ProjectName.Users.UserAppService.GetRoleByUserId(System.Guid)">
            <summary>
            获取用户角色信息
            </summary>
            <param name="userId"></param>
            <returns></returns>
        </member>
        <member name="M:CompanyName.ProjectName.Users.UserAppService.ChangePasswordAsync(Volo.Abp.Identity.ChangePasswordInput)">
            <summary>
            修改密码
            </summary>
            <param name="input"></param>
            <returns></returns>
        </member>
        <member name="M:CompanyName.ProjectName.Users.UserAppService.LockAsync(CompanyName.ProjectName.Users.Dtos.LockUserInput)">
            <summary>
            锁定用户
            </summary>
            <param name="input"></param>
            <returns></returns>
        </member>
    </members>
</doc>
