<?xml version="1.0"?>
<doc>
    <assembly>
        <name>CompanyName.ProjectName.HttpApi.Host</name>
    </assembly>
    <members>
        <member name="T:CompanyName.ProjectName.Extensions.Filters.HiddenAbpDefaultApiFilter">
            <summary>
            在使用nswag的时候，原生默认的api导致生产的代理类存在问题
            所有隐藏原生的api，重写路由
            </summary>
        </member>
        <member name="T:CompanyName.ProjectName.Jobs.CronType">
            <summary>
            Cron类型
            </summary>
        </member>
        <member name="M:CompanyName.ProjectName.Jobs.CronType.Minute(System.Int32)">
            <summary>
            周期性为分钟的任务
            </summary>
            <param name="interval">执行周期的间隔，默认为每分钟一次</param>
            <returns></returns>
        </member>
        <member name="M:CompanyName.ProjectName.Jobs.CronType.Hour(System.Int32,System.Int32)">
            <summary>
            周期性为小时的任务
            </summary>
            <param name="minute">第几分钟开始，默认为第一分钟</param>
            <param name="interval">执行周期的间隔，默认为每小时一次</param>
            <returns></returns>
        </member>
        <member name="M:CompanyName.ProjectName.Jobs.CronType.Day(System.Int32,System.Int32,System.Int32)">
            <summary>
            周期性为天的任务
            </summary>
            <param name="hour">第几小时开始，默认从1点开始</param>
            <param name="minute">第几分钟开始，默认从第1分钟开始</param>
            <param name="interval">执行周期的间隔，默认为每天一次</param>
            <returns></returns>
        </member>
        <member name="M:CompanyName.ProjectName.Jobs.CronType.Week(System.DayOfWeek,System.Int32,System.Int32)">
            <summary>
            周期性为周的任务
            </summary>
            <param name="dayOfWeek">星期几开始，默认从星期一点开始</param>
            <param name="hour">第几小时开始，默认从1点开始</param>
            <param name="minute">第几分钟开始，默认从第1分钟开始</param>
            <returns></returns>
        </member>
        <member name="M:CompanyName.ProjectName.Jobs.CronType.Month(System.Int32,System.Int32,System.Int32)">
            <summary>
            周期性为月的任务
            </summary>
            <param name="day">几号开始，默认从一号开始</param>
            <param name="hour">第几小时开始，默认从1点开始</param>
            <param name="minute">第几分钟开始，默认从第1分钟开始</param>
            <returns></returns>
        </member>
        <member name="M:CompanyName.ProjectName.Jobs.CronType.Year(System.Int32,System.Int32,System.Int32,System.Int32)">
            <summary>
            周期性为年的任务
            </summary>
            <param name="month">几月开始，默认从一月开始</param>
            <param name="day">几号开始，默认从一号开始</param>
            <param name="hour">第几小时开始，默认从1点开始</param>
            <param name="minute">第几分钟开始，默认从第1分钟开始</param>
            <returns></returns>
        </member>
        <member name="M:CompanyName.ProjectName.ProjectNameHttpApiHostModule.ConfigureJwtAuthentication(Volo.Abp.Modularity.ServiceConfigurationContext,Microsoft.Extensions.Configuration.IConfiguration)">
            <summary>
            配置JWT
            </summary>
            <param name="context"></param>
            <param name="configuration"></param>
        </member>
        <member name="M:CompanyName.ProjectName.ProjectNameHttpApiHostModule.ConfigureOptions(Volo.Abp.Modularity.ServiceConfigurationContext)">
            <summary>
            配置options
            </summary>
            <param name="context"></param>
        </member>
        <member name="M:CompanyName.ProjectName.ProjectNameHttpApiHostModule.ConfigureCache(Volo.Abp.Modularity.ServiceConfigurationContext)">
            <summary>
            Redis缓存
            </summary>
        </member>
        <member name="M:CompanyName.ProjectName.ProjectNameHttpApiHostModule.ConfigureHealthChecks(Volo.Abp.Modularity.ServiceConfigurationContext)">
            <summary>
            健康检查
            </summary>
            <param name="context"></param>
        </member>
        <member name="T:CompanyNameProjectName.Extensions.Filters.SwaggerTagsFilter">
            <summary>
            把abp vnext 提供的api 归档
            </summary>
        </member>
    </members>
</doc>
