<?xml version="1.0"?>
<doc>
    <assembly>
        <name>CompanyName.ProjectName.NotificationManagement.Domain</name>
    </assembly>
    <members>
        <member name="T:CompanyName.ProjectName.NotificationManagement.Notifications.Notification">
            <summary>
            消息通知 
            </summary>
        </member>
        <member name="P:CompanyName.ProjectName.NotificationManagement.Notifications.Notification.Title">
            <summary>
            消息标题
            </summary>
        </member>
        <member name="P:CompanyName.ProjectName.NotificationManagement.Notifications.Notification.Content">
            <summary>
            消息内容
            </summary>
        </member>
        <member name="P:CompanyName.ProjectName.NotificationManagement.Notifications.Notification.MessageType">
            <summary>
            消息类型
            </summary>
        </member>
        <member name="P:CompanyName.ProjectName.NotificationManagement.Notifications.Notification.SenderId">
            <summary>
            发送人
            </summary>
        </member>
        <member name="P:CompanyName.ProjectName.NotificationManagement.Notifications.Notification.NotificationSubscriptions">
            <summary>
            关联属性1:N 消息订阅者集合
            </summary>
        </member>
        <member name="M:CompanyName.ProjectName.NotificationManagement.Notifications.Notification.AddNotificationSubscription(System.Guid,System.Guid)">
            <summary>
            新增非广播消息订阅人
            </summary>
            <param name="notificationSubscriptionId"></param>
            <param name="receiveId"></param>
        </member>
        <member name="M:CompanyName.ProjectName.NotificationManagement.Notifications.Notification.AddBroadCastNotificationSubscription(System.Guid,System.Guid)">
            <summary>
            新增消息类型为广播订阅人
            </summary>
            <param name="notificationSubscriptionId"></param>
            <param name="receiveId"></param>
        </member>
        <member name="M:CompanyName.ProjectName.NotificationManagement.Notifications.Notification.AddCreatedNotificationDistributedEvent(CompanyName.ProjectName.NotificationManagement.Notifications.DistributedEvents.CreatedNotificationDistributedEvent)">
            <summary>
            添加创建消息集成事件
            </summary>
            <param name="createdNotificationDistributedEvent"></param>
        </member>
        <member name="T:CompanyName.ProjectName.NotificationManagement.Notifications.NotificationSubscription">
            <summary>
            消息订阅者 
            </summary>
        </member>
        <member name="P:CompanyName.ProjectName.NotificationManagement.Notifications.NotificationSubscription.ReceiveId">
            <summary>
            订阅人
            </summary>
        </member>
        <member name="P:CompanyName.ProjectName.NotificationManagement.Notifications.NotificationSubscription.Read">
            <summary>
            是否已读
            </summary>
        </member>
        <member name="P:CompanyName.ProjectName.NotificationManagement.Notifications.NotificationSubscription.ReadTime">
            <summary>
            已读时间
            </summary>
        </member>
        <member name="M:CompanyName.ProjectName.NotificationManagement.Notifications.IDapperNotificationRepository.GetPageBroadCastNotificationByUserIdAsync(System.Guid,System.Int32,System.Int32,System.Threading.CancellationToken)">
            <summary>
            分页查询广播消息
            </summary>
            <returns></returns>
        </member>
        <member name="M:CompanyName.ProjectName.NotificationManagement.Notifications.IDapperNotificationRepository.GetPageBroadCastNotificationCountByUserIdAsync(System.Guid,System.Threading.CancellationToken)">
            <summary>
            获取广播消息总条数
            </summary>
            <returns></returns>
        </member>
        <member name="M:CompanyName.ProjectName.NotificationManagement.Notifications.IDapperNotificationRepository.GetPageTextNotificationByUserIdAsync(System.Guid,System.Int32,System.Int32,System.Threading.CancellationToken)">
            <summary>
            分页查询文本消息
            </summary>
            <returns></returns>
        </member>
        <member name="M:CompanyName.ProjectName.NotificationManagement.Notifications.IDapperNotificationRepository.GetPageTextNotificationCountByUserIdAsync(System.Guid,System.Threading.CancellationToken)">
            <summary>
            获取文本息总条数
            </summary>
            <returns></returns>
        </member>
        <member name="T:CompanyName.ProjectName.NotificationManagement.Notifications.INotificationRepository">
            <summary>
            消息通知 仓储接口
            </summary>
        </member>
        <member name="M:CompanyName.ProjectName.NotificationManagement.Notifications.INotificationRepository.FindByIdAsync(System.Guid)">
            <summary>
            查找用户消息
            </summary>
            <param name="id"></param>
            <returns></returns>
        </member>
        <member name="M:CompanyName.ProjectName.NotificationManagement.Notifications.NotificationManager.SendCommonTextAsync(System.String,System.String,System.Collections.Generic.List{System.Guid})">
            <summary>
            发送普通文本消息
            </summary>
            <returns></returns>
            <exception cref="T:CompanyName.ProjectName.NotificationManagement.NotificationManagementDomainException"></exception>
        </member>
        <member name="M:CompanyName.ProjectName.NotificationManagement.Notifications.NotificationManager.SendBroadCastTextAsync(System.String,System.String)">
            <summary>
            发送广播消息
            </summary>
            <returns></returns>
            <exception cref="T:CompanyName.ProjectName.NotificationManagement.NotificationManagementDomainException"></exception>
        </member>
        <member name="M:CompanyName.ProjectName.NotificationManagement.Notifications.NotificationManager.CreateAsync(System.String,System.String,System.Guid,System.Collections.Generic.List{System.Guid},CompanyName.ProjectName.NotificationManagement.Notifications.MessageType)">
            <summary>
            新增消息
            </summary>
            <param name="title">标题</param>
            <param name="content">消息内容</param>
            <param name="senderId">发送人id,可以直接取ICurrentUser对象的用户</param>
            <param name="receiveIds">消息接收人</param>
            <param name="messageType">消息类似 10 广播消息，所有用户都可以接收到 ；20 普通文本消息 需要指定接收用户</param>
        </member>
        <member name="M:CompanyName.ProjectName.NotificationManagement.Notifications.NotificationManager.SetReadAsync(System.Guid,System.Guid)">
            <summary>
            消息设置为已读
            </summary>
            <param name="id"></param>
            <param name="receiveId"></param>
            <exception cref="T:CompanyName.ProjectName.NotificationManagement.NotificationManagementDomainException"></exception>
        </member>
    </members>
</doc>
