<?xml version="1.0"?>
<doc>
    <assembly>
        <name>CompanyName.ProjectName.NotificationManagement.EntityFrameworkCore</name>
    </assembly>
    <members>
        <member name="M:CompanyName.ProjectName.NotificationManagement.EntityFrameworkCore.Notifications.DapperNotificationRepository.GetPageBroadCastNotificationByUserIdAsync(System.Guid,System.Int32,System.Int32,System.Threading.CancellationToken)">
            <summary>
            分页查询广播消息
            </summary>
            <returns></returns>
        </member>
        <member name="M:CompanyName.ProjectName.NotificationManagement.EntityFrameworkCore.Notifications.DapperNotificationRepository.GetPageBroadCastNotificationCountByUserIdAsync(System.Guid,System.Threading.CancellationToken)">
            <summary>
            获取广播消息总条数
            </summary>
            <returns></returns>
        </member>
        <member name="M:CompanyName.ProjectName.NotificationManagement.EntityFrameworkCore.Notifications.DapperNotificationRepository.GetPageTextNotificationByUserIdAsync(System.Guid,System.Int32,System.Int32,System.Threading.CancellationToken)">
            <summary>
            分页查询文本消息
            </summary>
            <returns></returns>
        </member>
        <member name="M:CompanyName.ProjectName.NotificationManagement.EntityFrameworkCore.Notifications.DapperNotificationRepository.GetPageTextNotificationCountByUserIdAsync(System.Guid,System.Threading.CancellationToken)">
            <summary>
            获取文本息总条数
            </summary>
            <returns></returns>
        </member>
        <member name="T:CompanyName.ProjectName.NotificationManagement.EntityFrameworkCore.Notifications.EfCoreNotificationRepository">
            <summary>
            消息通知 仓储Ef core 实现
            </summary>
        </member>
        <member name="M:CompanyName.ProjectName.NotificationManagement.EntityFrameworkCore.Notifications.EfCoreNotificationRepository.FindByIdAsync(System.Guid)">
            <summary>
            查找用户消息
            </summary>
            <param name="id"></param>
            <returns></returns>
        </member>
    </members>
</doc>
