<?xml version="1.0"?>
<doc>
    <assembly>
        <name>CompanyName.ProjectName.Application.Contracts</name>
    </assembly>
    <members>
        <member name="M:CompanyName.ProjectName.AuditLogs.IAuditLogAppService.GetListAsync(CompanyName.ProjectName.AuditLogs.PagingAuditLogListInput)">
            <summary>
            分页查询审计日志
            </summary>
            <param name="input"></param>
            <returns></returns>
        </member>
        <member name="M:CompanyName.ProjectName.IdentityServers.IApiResourceAppService.GetApiResources">
            <summary>
            获取所有api resource
            </summary>
            <returns></returns>
        </member>
        <member name="M:CompanyName.ProjectName.IdentityServers.IApiResourceAppService.CreateAsync(CompanyName.ProjectName.IdentityServers.Dtos.CreateApiResourceInput)">
            <summary>
            新增 ApiResource
            </summary>
            <returns></returns>
        </member>
        <member name="M:CompanyName.ProjectName.IdentityServers.IApiResourceAppService.DeleteAsync(CompanyName.ProjectName.Publics.Dtos.IdInput)">
            <summary>
            删除 ApiResource
            </summary>
            <returns></returns>
        </member>
        <member name="M:CompanyName.ProjectName.IdentityServers.IApiResourceAppService.UpdateAsync(CompanyName.ProjectName.IdentityServers.Dtos.UpdateApiResourceInput)">
            <summary>
            更新 ApiResource
            </summary>
            <returns></returns>
        </member>
        <member name="M:CompanyName.ProjectName.IdentityServers.Clients.IIdentityServerClientAppService.GetListAsync(CompanyName.ProjectName.IdentityServers.Clients.PagingClientListInput)">
            <summary>
            分页查询Client
            </summary>
            <returns></returns>
        </member>
        <member name="M:CompanyName.ProjectName.IdentityServers.Clients.IIdentityServerClientAppService.CreateAsync(CompanyName.ProjectName.IdentityServers.Clients.CreateClientInput)">
            <summary>
            创建Client
            </summary>
            <param name="input"></param>
            <returns></returns>
        </member>
        <member name="M:CompanyName.ProjectName.IdentityServers.Clients.IIdentityServerClientAppService.DeleteAsync(CompanyName.ProjectName.Publics.Dtos.IdInput)">
            <summary>
            删除client
            </summary>
            <returns></returns>
        </member>
        <member name="M:CompanyName.ProjectName.IdentityServers.Clients.IIdentityServerClientAppService.UpdateBasicDataAsync(CompanyName.ProjectName.IdentityServers.Clients.UpdataBasicDataInput)">
            <summary>
            更新基本信息
            </summary>
            <returns></returns>
        </member>
        <member name="M:CompanyName.ProjectName.IdentityServers.Clients.IIdentityServerClientAppService.UpdateScopesAsync(CompanyName.ProjectName.IdentityServers.Clients.UpdateScopeInput)">
            <summary>
            更新client scopes
            </summary>
            <returns></returns>
        </member>
        <member name="M:CompanyName.ProjectName.IdentityServers.Clients.IIdentityServerClientAppService.AddRedirectUriAsync(CompanyName.ProjectName.IdentityServers.Clients.AddRedirectUriInput)">
            <summary>
            新增回调地址
            </summary>
        </member>
        <member name="M:CompanyName.ProjectName.IdentityServers.Clients.IIdentityServerClientAppService.RemoveRedirectUriAsync(CompanyName.ProjectName.IdentityServers.Clients.RemoveRedirectUriInput)">
            <summary>
            删除回调地址
            </summary>
        </member>
        <member name="M:CompanyName.ProjectName.IdentityServers.Clients.IIdentityServerClientAppService.AddLogoutRedirectUriAsync(CompanyName.ProjectName.IdentityServers.Clients.AddRedirectUriInput)">
            <summary>
            新增Logout回调地址
            </summary>
        </member>
        <member name="M:CompanyName.ProjectName.IdentityServers.Clients.IIdentityServerClientAppService.RemoveLogoutRedirectUriAsync(CompanyName.ProjectName.IdentityServers.Clients.RemoveRedirectUriInput)">
            <summary>
            删除Logout回调地址
            </summary>
        </member>
        <member name="M:CompanyName.ProjectName.IdentityServers.Clients.IIdentityServerClientAppService.AddCorsAsync(CompanyName.ProjectName.IdentityServers.Clients.AddCorsInput)">
            <summary>
            添加cors
            </summary>
        </member>
        <member name="M:CompanyName.ProjectName.IdentityServers.Clients.IIdentityServerClientAppService.RemoveCorsAsync(CompanyName.ProjectName.IdentityServers.Clients.RemoveCorsInput)">
            <summary>
            删除cors
            </summary>
        </member>
        <member name="M:CompanyName.ProjectName.IdentityServers.Clients.IIdentityServerClientAppService.EnabledAsync(CompanyName.ProjectName.IdentityServers.Clients.EnabledInput)">
            <summary>
            禁用client
            </summary>
            <param name="input"></param>
            <returns></returns>
        </member>
        <member name="M:CompanyName.ProjectName.IdentityServers.IdentityResources.IIdentityResourceAppService.GetListAsync(CompanyName.ProjectName.IdentityServers.IdentityResources.Dtos.PagingIdentityResourceListInput)">
            <summary>
            分页获取IdentityResource
            </summary>
            <param name="input"></param>
            <returns></returns>
        </member>
        <member name="M:CompanyName.ProjectName.IdentityServers.IdentityResources.IIdentityResourceAppService.CreateAsync(CompanyName.ProjectName.IdentityServers.IdentityResources.Dtos.CreateIdentityResourceInput)">
            <summary>
            创建IdentityResource
            </summary>
            <param name="input"></param>
            <returns></returns>
        </member>
        <member name="M:CompanyName.ProjectName.IdentityServers.IdentityResources.IIdentityResourceAppService.UpdateAsync(CompanyName.ProjectName.IdentityServers.IdentityResources.Dtos.UpdateIdentityResourceInput)">
            <summary>
            更新IdentityResource
            </summary>
            <param name="input"></param>
            <returns></returns>
        </member>
        <member name="M:CompanyName.ProjectName.IdentityServers.IdentityResources.IIdentityResourceAppService.DeleteAsync(CompanyName.ProjectName.Publics.Dtos.IdInput)">
            <summary>
            删除IdentityResource
            </summary>
            <param name="input"></param>
            <returns></returns>
        </member>
        <member name="M:CompanyName.ProjectName.Jobs.IRecurringJob.ExecuteAsync">
            <summary>
            执行任务
            </summary>
            <returns></returns>
        </member>
        <member name="T:CompanyName.ProjectName.Permissions.ProjectNamePermissions.SystemManagement">
            <summary>
            系统管理扩展权限
            </summary>
        </member>
        <member name="T:CompanyName.ProjectName.Users.Dtos.LoginInput">
            <summary>
            登录
            </summary>
        </member>
        <member name="P:CompanyName.ProjectName.Users.Dtos.LoginInput.Name">
            <summary>
            用户名或者邮箱
            </summary>
        </member>
        <member name="P:CompanyName.ProjectName.Users.Dtos.LoginInput.Password">
            <summary>
            密码
            </summary>
        </member>
        <member name="P:CompanyName.ProjectName.Users.Dtos.PagingUserListInput.Filter">
            <summary>
            关键字
            </summary>
        </member>
        <member name="M:CompanyName.ProjectName.Users.IUserAppService.ListAsync(CompanyName.ProjectName.Users.Dtos.PagingUserListInput)">
            <summary>
            分页查询用户
            </summary>
            <param name="input"></param>
            <returns></returns>
        </member>
        <member name="M:CompanyName.ProjectName.Users.IUserAppService.CreateAsync(Volo.Abp.Identity.IdentityUserCreateDto)">
            <summary>
            新增用户
            </summary>
            <param name="input"></param>
            <returns></returns>
        </member>
        <member name="M:CompanyName.ProjectName.Users.IUserAppService.UpdateAsync(CompanyName.ProjectName.Users.Dtos.UpdateUserInput)">
            <summary>
            更新用户
            </summary>
            <param name="input"></param>
            <returns></returns>
        </member>
        <member name="M:CompanyName.ProjectName.Users.IUserAppService.DeleteAsync(System.Guid)">
            <summary>
            删除用户
            </summary>
            <param name="id"></param>
        </member>
        <member name="M:CompanyName.ProjectName.Users.IUserAppService.GetRoleByUserId(System.Guid)">
            <summary>
            获取用户角色信息
            </summary>
            <param name="userId"></param>
            <returns></returns>
        </member>
        <member name="M:CompanyName.ProjectName.Users.IUserAppService.ChangePasswordAsync(Volo.Abp.Identity.ChangePasswordInput)">
            <summary>
            修改密码
            </summary>
            <param name="input"></param>
            <returns></returns>
        </member>
        <member name="M:CompanyName.ProjectName.Users.IUserAppService.LockAsync(CompanyName.ProjectName.Users.Dtos.LockUserInput)">
            <summary>
            锁定用户
            </summary>
            <param name="input"></param>
            <returns></returns>
        </member>
    </members>
</doc>
