<?xml version="1.0"?>
<doc>
    <assembly>
        <name>CompanyName.ProjectName.DataDictionaryManagement.Application.Contracts</name>
    </assembly>
    <members>
        <member name="P:CompanyName.ProjectName.DataDictionaryManagement.DataDictionaries.Dtos.PagingDataDictionaryDetailOutput.DataDictionaryId">
            <summary>
            所属字典Id
            </summary>
        </member>
        <member name="P:CompanyName.ProjectName.DataDictionaryManagement.DataDictionaries.Dtos.PagingDataDictionaryDetailOutput.Code">
            <summary>
            字典明细编码
            </summary>
        </member>
        <member name="P:CompanyName.ProjectName.DataDictionaryManagement.DataDictionaries.Dtos.PagingDataDictionaryDetailOutput.Order">
            <summary>
            展现列表时排序用
            </summary>
        </member>
        <member name="P:CompanyName.ProjectName.DataDictionaryManagement.DataDictionaries.Dtos.PagingDataDictionaryDetailOutput.DisplayText">
            <summary>
            英文显示名
            </summary>
        </member>
        <member name="P:CompanyName.ProjectName.DataDictionaryManagement.DataDictionaries.Dtos.PagingDataDictionaryDetailOutput.Description">
            <summary>
            描述
            </summary>
        </member>
        <member name="P:CompanyName.ProjectName.DataDictionaryManagement.DataDictionaries.Dtos.PagingDataDictionaryDetailOutput.IsEnabled">
            <summary>
            启/停用(默认启用)
            </summary>
        </member>
        <member name="P:CompanyName.ProjectName.DataDictionaryManagement.DataDictionaries.Dtos.PagingDataDictionaryOutput.Code">
            <summary>
            字典编码
            </summary>
        </member>
        <member name="P:CompanyName.ProjectName.DataDictionaryManagement.DataDictionaries.Dtos.PagingDataDictionaryOutput.DisplayText">
            <summary>
            显示名
            </summary>
        </member>
        <member name="P:CompanyName.ProjectName.DataDictionaryManagement.DataDictionaries.Dtos.PagingDataDictionaryOutput.Description">
            <summary>
            描述
            </summary>
        </member>
        <member name="M:CompanyName.ProjectName.DataDictionaryManagement.DataDictionaries.IDataDictionaryAppService.GetPagingListAsync(CompanyName.ProjectName.DataDictionaryManagement.DataDictionaries.Dtos.PagingDataDictionaryInput,System.Threading.CancellationToken)">
            <summary>
            分页查询字典项
            </summary>
            <param name="input"></param>
            <param name="cancellationToken"></param>
            <returns></returns>
        </member>
        <member name="M:CompanyName.ProjectName.DataDictionaryManagement.DataDictionaries.IDataDictionaryAppService.GetPagingDetailListAsync(CompanyName.ProjectName.DataDictionaryManagement.DataDictionaries.Dtos.PagingDataDictionaryDetailInput,System.Threading.CancellationToken)">
            <summary>
            分页查询字典项明细
            </summary>
            <param name="input"></param>
            <param name="cancellationToken"></param>
            <returns></returns>
        </member>
        <member name="M:CompanyName.ProjectName.DataDictionaryManagement.DataDictionaries.IDataDictionaryAppService.CreateAsync(CompanyName.ProjectName.DataDictionaryManagement.DataDictionaries.Dtos.CreateDataDictinaryInput)">
            <summary>
            创建字典类型
            </summary>
            <returns></returns>
        </member>
        <member name="M:CompanyName.ProjectName.DataDictionaryManagement.DataDictionaries.IDataDictionaryAppService.CreateDetailAsync(CompanyName.ProjectName.DataDictionaryManagement.DataDictionaries.Dtos.CreateDataDictinaryDetailInput)">
            <summary>
            新增字典明细
            </summary>
        </member>
        <member name="M:CompanyName.ProjectName.DataDictionaryManagement.DataDictionaries.IDataDictionaryAppService.SetStatus(CompanyName.ProjectName.DataDictionaryManagement.DataDictionaries.Dtos.SetDataDictinaryDetailInput)">
            <summary>
            设置字典明细状态
            </summary>
        </member>
    </members>
</doc>
