<?xml version="1.0"?>
<doc>
    <assembly>
        <name>CompanyName.ProjectName.NotificationManagement.HttpApi</name>
    </assembly>
    <members>
        <member name="M:CompanyName.ProjectName.NotificationManagement.Notifications.NotificationController.GetPageTextNotificationByUserIdAsync(CompanyName.ProjectName.NotificationManagement.Notifications.Dtos.PagingNotificationListInput)">
            <summary>
            分页获取用户普通文本消息
            </summary>
            <param name="listInput"></param>
            <returns></returns>
        </member>
        <member name="M:CompanyName.ProjectName.NotificationManagement.Notifications.NotificationController.GetPageBroadCastNotificationByUserIdAsync(CompanyName.ProjectName.NotificationManagement.Notifications.Dtos.PagingNotificationListInput)">
            <summary>
            分页获取广播消息
            </summary>
            <param name="listInput"></param>
            <returns></returns>
        </member>
    </members>
</doc>
