<?xml version="1.0"?>
<doc>
    <assembly>
        <name>CompanyName.ProjectName.NotificationManagement.Application</name>
    </assembly>
    <members>
        <member name="T:CompanyName.ProjectName.NotificationManagement.Notifications.DistributedEventHandlers.CreatedNotificationDistributedEventHandler">
            <summary>
            创建消息事件处理
            </summary>
        </member>
        <member name="M:CompanyName.ProjectName.NotificationManagement.Notifications.NotificationAppService.SendMessageAsync(System.String,System.String,CompanyName.ProjectName.NotificationManagement.Notifications.MessageType,System.Collections.Generic.List{System.String})">
            <summary>
            发送消息
            </summary>
        </member>
        <member name="M:CompanyName.ProjectName.NotificationManagement.Notifications.NotificationAppService.SendMessageToClientByUserIdAsync(CompanyName.ProjectName.NotificationManagement.Notifications.Dtos.SendNotificationDto,System.Collections.Generic.List{System.String})">
            <summary>
            发送消息指定客户端用户
            </summary>
            <param name="sendNotificationDto"></param>
            <param name="users"></param>
            <returns></returns>
        </member>
        <member name="M:CompanyName.ProjectName.NotificationManagement.Notifications.NotificationAppService.SendMessageToAllClientAsync(CompanyName.ProjectName.NotificationManagement.Notifications.Dtos.SendNotificationDto)">
            <summary>
            发送消息到所有客户端
            广播消息
            </summary>
            <param name="sendNotificationDto"></param>
        </member>
        <member name="M:CompanyName.ProjectName.NotificationManagement.Notifications.QueryNotificationAppService.GetPageTextNotificationByUserIdAsync(CompanyName.ProjectName.NotificationManagement.Notifications.Dtos.PagingNotificationListInput,System.Threading.CancellationToken)">
            <summary>
            分页获取用户普通文本消息
            </summary>
            <param name="listInput"></param>
            <param name="cancellationToken"></param>
            <returns></returns>
        </member>
        <member name="M:CompanyName.ProjectName.NotificationManagement.Notifications.QueryNotificationAppService.GetPageBroadCastNotificationByUserIdAsync(CompanyName.ProjectName.NotificationManagement.Notifications.Dtos.PagingNotificationListInput,System.Threading.CancellationToken)">
            <summary>
            分页获取广播消息
            </summary>
            <param name="listInput"></param>
            <param name="cancellationToken"></param>
            <returns></returns>
        </member>
    </members>
</doc>
